{
  "flutter": {
    "platforms": {
      "android": {
        "default": {
          "projectId": "mychatapp-e7c60",
          "appId": "1:776612335534:android:3699bc30c6dd45071cc23f",
          "fileOutput": "android/app/google-services.json"
        }
      },
      "dart": {
        "lib/firebase_options.dart": {
          "projectId": "mychatapp-e7c60",
          "configurations": {
            "android": "1:776612335534:android:3699bc30c6dd45071cc23f",
            "ios": "1:776612335534:ios:c2573a64cef509d21cc23f"
          }
        }
      }
    }
  },
  "functions": [
    {
      "source": "functions",
      "codebase": "default",
      "ignore": [
        "node_modules",
        ".git",
        "firebase-debug.log",
        "firebase-debug.*.log"
      ]
    }
  ]
}
